-- OBS: A TABELA PESSOA FOI GERADA PELO SITE https://www.mockaroo.com/ COM DADOS FICTÍCIOS

-- INSERIR PESSOAS
INSERT INTO PESSOA VALUES ('56153503650', 'BSONGUST0@DRUPAL.ORG', 'BERNADETTE SONGUST', '78204591464', 'kUN8p0Co', '5205', 'NORTH', 'MANDRAKE', 'SMIMOU', '77691087');
INSERT INTO PESSOA VALUES ('84530292258', 'JSCHRINEL1@NYTIMES.COM', 'JUSTINA SCHRINEL', '69654588190', 'tAFSONI', '502', 'LOTHEVILLE', 'MCBRIDE', NULL, NULL);
INSERT INTO PESSOA VALUES ('47259687882', 'AOVER2@FC2.COM', 'ALFONSE OVER', '47082469610', 'unYZPJc', '1315', 'EAST', 'MOOSE', 'WUBAO', '55278426');
INSERT INTO PESSOA VALUES ('49089853619', 'PHORNUNG3@IMDB.COM', 'PORTY HORNUNG', '33735772273', 'QyYwhD6G83Bi', '6400', 'LILLIAN', 'MORNINGSTAR', 'IDRINSKOYE', '94540811');
INSERT INTO PESSOA VALUES ('62174394125', 'GALEKSANDRIKIN4@SPHINN.COM', 'GERHARDT ALEKSANDRIKIN', '78584014127', 'B6kZTi', '8740', 'REDWING', NULL, 'PADOVA', '84074323');
INSERT INTO PESSOA VALUES ('60932730348', 'ZKNOK5@EXAMPLE.COM', 'ZEDEKIAH KNOK', '61751844558', 'saZhwzWtn', '4168', 'MOCKINGBIRD', 'MELVIN', 'KøBENHAVN', '89598523');
INSERT INTO PESSOA VALUES ('41333451704', 'OAUGUSTE6@GOOGLE.CN', 'OLLIE AUGUSTE', '46003243914', 'DtlcQ97l6jVc', '2208', NULL, '8TH', 'FENGQIAO', '20665911');
INSERT INTO PESSOA VALUES ('99037659015', 'FFARRENT7@DE.VU', 'FREDERIC FARRENT', '15104090441', 'doNvILDfac', '7598', 'MEADOW RIDGE', 'HUDSON', 'FULU', '57024542');
INSERT INTO PESSOA VALUES ('46519315729', 'CLEGAT8@HOWSTUFFWORKS.COM', 'CORBY LEGAT', '93578416963', 'A8cW06Gb', '4625', 'MCGUIRE', 'HALLOWS', 'SAL’SK', '47214363');
INSERT INTO PESSOA VALUES ('39711350861', 'NJINDRA9@DOMAINMARKET.COM', 'NICO JINDRA', '39345322017', 'ZnEnNdfrS', NULL, '1ST', 'STEPHEN', 'SUNDSVALL', '51625188');
INSERT INTO PESSOA VALUES ('42927390332', 'SCREENANA@BLOGS.COM', 'SYMON CREENAN', '34536882072', 'LDN85JdGnPd', '8354', 'BUTTERFIELD', 'BECKER', 'LAGASIT', '57536270');
INSERT INTO PESSOA VALUES ('72132753351', 'SFENNERB@TWITPIC.COM', 'SILVAN FENNER', '78207598381', 'XJ8mcZ', '1142', 'FOREST RUN', 'RIDGEWAY', 'BAGA BORIHE', '30638911');
INSERT INTO PESSOA VALUES ('13841208576', 'TDIGHTONC@MARRIOTT.COM', 'TOBIAS DIGHTON', '35327063592', 'UH1IP8H', '2606', 'MAGDELINE', 'MAYWOOD', 'CINCINNATI', '47022102');
INSERT INTO PESSOA VALUES ('28467150843', 'RFEARNYOUGHD@AMAZONAWS.COM', 'RALINA FEARNYOUGH', '42772646420', 'a2t4OKS4Js', '2420', 'CORRY', 'SCHLIMGEN', 'KRAJAN BARU', '24774769');
INSERT INTO PESSOA VALUES ('84025928943', 'ASHAWE@SCIENCEDAILY.COM', 'ALLYS SHAW', '52674661149', 's9uLj8', NULL, 'BOYD', 'WARBLER', 'OETUKE', '67023075');
INSERT INTO PESSOA VALUES ('55903266959', 'LVAULSF@VISTAPRINT.COM', 'LORENS VAULS', '41059199068', 'g1sMJLJ7eGi', '9188', 'SOMMERS', 'DOE CROSSING', 'VYSOKOGORNYY', '14931310');
INSERT INTO PESSOA VALUES ('88102723978', 'SBELLISG@ELEGANTTHEMES.COM', 'STEARN BELLIS', '91969038024', 'pWqwxcaI', '375', 'MONTEREY', 'HARBORT', 'YUTA', '41011027');
INSERT INTO PESSOA VALUES ('33236442246', 'NCOLVILLH@PRNEWSWIRE.COM', 'NERITA COLVILL', '21617747896', '9JN16ie', '6288', 'GALE', 'VEITH', 'COLOMBES', '26364012');
INSERT INTO PESSOA VALUES ('68809833371', 'MNEWSHAMI@FC2.COM', 'MARI NEWSHAM', '21886932794', 'LtxGOsWdDq', '7137', 'CASCADE', NULL, 'BOFUER', '39367459');
INSERT INTO PESSOA VALUES ('55151900377', 'FMORGONJ@MTV.COM', 'FRED MORGON', '46550256315', 'pbhjpgQZ', '5148', 'HUXLEY', 'MORROW', 'ZHOUTIE', '18744347');
INSERT INTO PESSOA VALUES ('44079669494', 'CDELLK@DIIGO.COM', 'CHRISTIANO DELL ''ORTO', '80131458960', 'WIJvIKektg', '8440', NULL, 'ABERG', 'IMATRA', '12759743');
INSERT INTO PESSOA VALUES ('20892074715', 'MTROWLL@ELPAIS.COM', 'MARTHE TROWL', '14969088328', '3KaPSnddJD', '4805', 'CREST LINE', 'LOTHEVILLE', 'DSCHANG', '67498542');
INSERT INTO PESSOA VALUES ('52104098872', 'AMAXTEDM@TUTTOCITTA.IT', 'ALPHARD MAXTED', '54502978209', 'uGAXBcg', '2876', 'WAYWOOD', 'TOWNE', 'NIGEL', '36329616');
INSERT INTO PESSOA VALUES ('48654048623', 'EDADGEN@UCLA.EDU', 'ELLWOOD DADGE', '46103913979', 'Gd0OELV4iE', '7448', 'BAYSIDE', 'DAYTON', 'QESARYA', '51682537');
INSERT INTO PESSOA VALUES ('92118420367', 'SCLASHEO@UIUC.EDU', 'SUZANNA CLASHE', '30063562137', 'zNiNi5YU2343', '3408', 'BROWN', 'FREMONT', 'VOSTOCHNYY', '92352963');
INSERT INTO PESSOA VALUES ('92642302838', 'MSTREATFEILDP@ETSY.COM', 'MINDA STREATFEILD', '92415893648', 'utFofqSlAhPW', '2611', 'OAK', 'SUMMIT', 'VIKING', '67778200');
INSERT INTO PESSOA VALUES ('36293479936', 'AMEEKINQ@WISC.EDU', 'ALIA MEEKIN', '38905913647', 'YL9K6OIxE', NULL, 'MONTEREY', 'BASIL', 'MIXCO', '18000937');
INSERT INTO PESSOA VALUES ('25790868927', 'PWORNHAMR@ADOBE.COM', 'PADRAIC WORNHAM', '93738028037', 'XH8bIXaCtY2O', NULL, NULL, 'NORTHLAND', 'HöDRöGö', '36084839');
INSERT INTO PESSOA VALUES ('95990543021', 'EBERTOULOUMES@SLATE.COM', 'ERNESTA BERTOULOUME', '84680491377', '07LhBOShXBy', '6354', 'PACKERS', NULL, 'LUBOCHNIA', '49474362');
INSERT INTO PESSOA VALUES ('89200907806', 'DLONGSTREETT@MOZILLA.COM', 'DANA LONGSTREET', '94085315596', '1JKWeLmj', '7272', 'BUENA VISTA', 'FALLVIEW', 'ZHONGXIANG', '84410207');

-- ORGANIZADOR

INSERT INTO ORGANIZADOR         VALUES ('56153503650',8); -- BERNADETTE SONGUST
INSERT INTO ORGANIZADOR         VALUES ('84530292258',6); -- JUSTINA SCHRINEL
INSERT INTO ORGANIZADOR(CPF)    VALUES ('47259687882'); -- ALFONSE OVER
INSERT INTO ORGANIZADOR(CPF)    VALUES ('49089853619'); -- PORTY HORNUNG
INSERT INTO ORGANIZADOR         VALUES ('41333451704',4); -- OLLIE AUGUSTE
INSERT INTO ORGANIZADOR         VALUES ('99037659015',7.2); -- FREDERIC FARRENT


-- GUARDA
INSERT INTO GUARDA VALUES('62174394125', '1571'); -- GERHARDT ALEKSANDRIKIN
INSERT INTO GUARDA VALUES('60932730348', '1759'); -- ZEDEKIAH KNOK
INSERT INTO GUARDA VALUES('46519315729', '1769'); -- CORBY LEGAT

-- SEGUIDORES

INSERT INTO SEGUIDOR VALUES('56153503650', '84530292258'); --BERNADETTE SONGUST É SEGUIDO(A) POR JUSTINA SCHRINEL
INSERT INTO SEGUIDOR VALUES('56153503650', '62174394125'); --BERNADETTE SONGUST É SEGUIDO(A) POR GERHARDT ALEKSANDRIKIN
INSERT INTO SEGUIDOR VALUES('56153503650', '47259687882'); --BERNADETTE SONGUST É SEGUIDO(A) POR ALFONSE OVER
INSERT INTO SEGUIDOR VALUES('89200907806', '84530292258'); --DANA LONGSTREET É SEGUIDO(A) POR JUSTINA SCHRINEL
INSERT INTO SEGUIDOR VALUES('89200907806', '62174394125'); --DANA LONGSTREET É SEGUIDO(A) POR GERHARDT ALEKSANDRIKIN
INSERT INTO SEGUIDOR VALUES('89200907806', '95990543021'); --DANA LONGSTREET É SEGUIDO(A) POR ERNESTA BERTOULOUME
INSERT INTO SEGUIDOR VALUES('49089853619', '28467150843'); --PORTY HORNUNG É SEGUIDO(A) POR RALINA FEARNYOUGH
INSERT INTO SEGUIDOR VALUES('42927390332', '28467150843'); --SYMON CREENAN É SEGUIDO(A) POR RALINA FEARNYOUGH
INSERT INTO SEGUIDOR VALUES('92118420367', '28467150843'); --SUZANNA CLASHE É SEGUIDO(A) POR RALINA FEARNYOUGH

-- OCORRÊNCIAS

INSERT INTO OCORRENCIA VALUES(OCORRENCIA_SEQ.NEXTVAL, TIMESTAMP '2017-11-24 08:45:41.434175', -21.2528979, -50.6468335,1,0, 0,'POSTE DE LUZ TOMBADO','62174394125'); -- GERHARDT ALEKSANDRIKIN
INSERT INTO OCORRENCIA VALUES(OCORRENCIA_SEQ.NEXTVAL, TIMESTAMP'2022-11-24 08:45:41.434175', -22.032985933096224, -47.86753670639218,0,2, 1,'ROUBO DE CELULAR NO TUSCA','89200907806'); -- DANA LONGSTREET
INSERT INTO OCORRENCIA VALUES(OCORRENCIA_SEQ.NEXTVAL, TIMESTAMP'2019-11-24 08:45:41.434175', -22.00354040240801, -47.898874610042895,1,0, 2,'POSTE DE LUZ TOMBADO NA USP','56153503650'); -- BERNADETTE SONGUST
INSERT INTO OCORRENCIA VALUES(OCORRENCIA_SEQ.NEXTVAL, TIMESTAMP'2022-11-24 08:45:41.434175', -22.002685511366323, -47.912643950620875,0,2, 0,'ROUBO DE COXINHA','84530292258'); -- JUSTINA SCHRINEL
INSERT INTO OCORRENCIA VALUES(OCORRENCIA_SEQ.NEXTVAL, TIMESTAMP'2022-11-24 08:45:41.434175', -22.00708895581919, -47.89273100069787,1,3, 1,'RUA DEPREDADA','84530292258'); -- JUSTINA SCHRINEL
INSERT INTO OCORRENCIA VALUES(OCORRENCIA_SEQ.NEXTVAL, TIMESTAMP'2022-11-24 08:45:41.434175', -22.00708895581919, -47.89273100069787,1,1, 2,'PROBLEMA COM ENCANAMENTO','84530292258'); -- JUSTINA SCHRINEL
INSERT INTO OCORRENCIA VALUES(OCORRENCIA_SEQ.NEXTVAL, TIMESTAMP'2022-11-24 08:45:41.434175', -22.032985933096224, -47.86753670639218,0,3, 1,'BRIGA NO TUSCA','56153503650'); -- BERNADETTE SONGUST

-- EVENTOS

INSERT INTO EVENTO VALUES(EVENTO_SEQ.NEXTVAL, 'TUSCA',TIMESTAMP'2022-11-24 08:45:41.434175',-22.032985933096224, -47.86753670639218, 0, 10, '56153503650'); --BERNADETTE SONGUST
INSERT INTO EVENTO VALUES(EVENTO_SEQ.NEXTVAL, 'PADARIA',TIMESTAMP'2022-01-30 08:45:41.434175',-22.002685511366323, -47.912643950620875, 0, 4, '56153503650'); --BERNADETTE SONGUST
INSERT INTO EVENTO VALUES(EVENTO_SEQ.NEXTVAL, 'FESTA NA REP',TIMESTAMP'2023-11-24 08:45:41.434175',-22.00708895581919, -47.89273100069787, 0, 7, '56153503650'); --BERNADETTE SONGUST
INSERT INTO EVENTO VALUES(EVENTO_SEQ.NEXTVAL, 'FUTEBOL NO PATIO',TIMESTAMP'2021-12-20 10:12:41.434175',-21.986819192951415, -47.92392877719185, 3, 9, '84530292258'); --JUSTINA SCHRINEL

-- PARTICIPANTE

INSERT INTO PARTICIPANTE VALUES(1, '84530292258'); -- JUSTINA SCHRINEL PARTICIPA DO TUSCA
INSERT INTO PARTICIPANTE VALUES(1, '89200907806'); -- DANA LONGSTREET PARTICIPA DO TUSCA
INSERT INTO PARTICIPANTE VALUES(1, '62174394125'); -- GERHARDT ALEKSANDRIKIN PARTICIPA DO TUSCA
INSERT INTO PARTICIPANTE VALUES(2, '84530292258'); -- JUSTINA SCHRINEL PARTICIPA DO PADARIA
INSERT INTO PARTICIPANTE VALUES(2, '56153503650'); -- BERNADETTE SONGUST PARTICIPA DO PADARIA
INSERT INTO PARTICIPANTE VALUES(2, '25790868927'); -- PADRAIC WORNHAM PARTICIPA DO PADARIA
INSERT INTO PARTICIPANTE VALUES(2, '62174394125'); -- GERHARDT ALEKSANDRIKIN PARTICIPA DO PADARIA
INSERT INTO PARTICIPANTE VALUES(1, '95990543021'); -- ERNESTA BERTOULOUME PARTICIPA DO TUSCA
INSERT INTO PARTICIPANTE VALUES(3, '89200907806'); -- DANA LONGSTREET PARTICIPA DO FESTA NA REP
INSERT INTO PARTICIPANTE VALUES(3, '47259687882'); -- ALFONSE OVER PARTICIPA DO FESTA NA REP
-- CONTRATADO

INSERT INTO CONTRATADO(GUARDA, EVENTO) VALUES ('46519315729', 1); -- CORBY LEGAT ESTA PENDENTE COMO GUARDA DO TUSCA
INSERT INTO CONTRATADO VALUES ('62174394125', 2, 1); -- GERHARDT ALEKSANDRIKIN É GUARDA DO PADARIA
INSERT INTO CONTRATADO VALUES ('60932730348', 1, 1); -- ZEDEKIAH KNOK É GUARDA DO TUSCA

-- PONTO ESTRATEGICO

INSERT INTO PONTO_ESTRATEGICO VALUES (PONTO_EST_SEQ.NEXTVAL, 'UNIVERSIDADE SAO PAULO', TIMESTAMP'2020-11-24 08:45:41.434175', -22.00354040240801, -47.898874610042895, 5, 'PORTARIA DA FACULDADE', '56153503650'); -- BERNADETTE SONGUST
INSERT INTO PONTO_ESTRATEGICO VALUES (PONTO_EST_SEQ.NEXTVAL, 'HABIB`S SAO CARLOS', TIMESTAMP '2020-11-23 08:45:41.434175', -22.00376919138873, -47.895484298097536, 1, 'RESTAURANTE BARATO', '89200907806'); -- DANA LONGSTREET

-- POST

INSERT INTO POST VALUES (POST_SEQ.NEXTVAL, TIMESTAMP'2022-11-24 08:45:41.434175', '89200907806', 'FIQUEI SABENDO QUE OCORREU UM ROUBO LA NO TUSCA, COMENTEM EM BAIXO'); --POST FEITO PELA DANA LONGSTREET SOBRE ROUBO NO TUSCA
INSERT INTO POST VALUES (POST_SEQ.NEXTVAL, TIMESTAMP'2019-11-24 08:45:41.434175', '56153503650', 'FUI ANDAR PELA USP E TEM UM POST QUEBRADO'); --POST FEITO PELA BERNADETTE SONGUST SOBRE POSTE QUEBRADO DA USP
INSERT INTO POST VALUES (POST_SEQ.NEXTVAL, TIMESTAMP'2022-11-24 09:45:0.0', '56153503650', 'VENHAM PRO MEU EVENTO TUSCAAA!!!'); --POST FEITO PELA BERNADETTE SONGUST SOBRE EVENTO TUSCA
INSERT INTO POST VALUES (POST_SEQ.NEXTVAL, TIMESTAMP'2022-01-30 08:45:41.434175', '56153503650', 'VENHAM PRO MEU EVENTO PADARIAAA!!!'); --POST FEITO PELA BERNADETTE SONGUST SOBRE EVENTO PADARIA
INSERT INTO POST VALUES (POST_SEQ.NEXTVAL, TIMESTAMP'2020-11-24 08:45:41.434175', '56153503650', 'ESTOU DO LADO DO PONTO ESTRATEGICO USP'); --POST FEITO PELA BERNADETTE SONGUST SOBRE PONTO ESTRATEGICO USP
INSERT INTO POST VALUES (POST_SEQ.NEXTVAL, TIMESTAMP'2020-11-23 08:45:41.434175', '56153503650', 'ESTOU COMENDO NO RESTAURANTE HABIB`S'); --POST FEITO PELA BERNADETTE SONGUST SOBRE PONTO ESTRATEGICO HABIB`S
INSERT INTO POST VALUES (POST_SEQ.NEXTVAL, TIMESTAMP'2022-11-25 08:45:41.434175', '89200907806', 'OIIII PESSOAL!!!'); --POST FEITO PELA DANA LONGSTREET
INSERT INTO POST VALUES (POST_SEQ.NEXTVAL, TIMESTAMP'2022-11-24 09:05:41.434175', '56153503650', 'DOIS HOMENS ESTAVAM BRIGANDO POR UM COPO DE CERVEJA!'); --POST FEITO PELA BERNADETTE SONGUST SOBRE BRIGA NO TUSCA
INSERT INTO POST VALUES (POST_SEQ.NEXTVAL, TIMESTAMP'2022-11-29 10:05:41.434175', '56153503650', 'AVISTEI UM ROUBO DE CARTEIRA NA ENTRADA!'); --POST FEITO PELA BERNADETTE SONGUST SOBRE ROUBO NO TUSCA

-- POST OCORRENCIA

INSERT INTO POST_OCORRENCIA VALUES (1, 2); --POST ID 1 FOI SOBRE A OCORRENCIA ID 2 (ROUBO NO TUSCA)
INSERT INTO POST_OCORRENCIA VALUES (2, 3); --POST ID 2 FOI SOBRE A OCORRENCIA ID 3 (POSTE QUEBRADO NA USP)
INSERT INTO POST_OCORRENCIA VALUES (9, 7); --POST ID 9 FOI SOBRE A OCORRENCIA ID 8 (BRIGA NO TUSCA) 


-- POST EVENTO 

INSERT INTO POST_EVENTO VALUES (3, 1); --POST SOBRE EVENTO TUSCA
INSERT INTO POST_EVENTO VALUES (4, 2); --POST SOBRE EVENTO PADARIA

-- POST PONTO ESTRATEGICO

INSERT INTO POST_PONTO_ESTRATEGICO VALUES (5,1); --POST SOBRE A USP
INSERT INTO POST_PONTO_ESTRATEGICO VALUES (6,2); --POST SOBRE O RESTAURANTE

-- COMENTARIO

INSERT INTO COMENTARIO VALUES (COMENTARIO_SEQ.NEXTVAL, '84530292258', 1, TIMESTAMP'2022-11-24 09:45:41.434175', 'FIQUEI SABENDO QUE E VERDADE ESSE BILHETE'); -- COMENTARIO DA JUSTINA SCHRINEL SOBRE O POST DO ROUBO NO TUSCA
INSERT INTO COMENTARIO VALUES (COMENTARIO_SEQ.NEXTVAL, '62174394125', 3, TIMESTAMP'2022-11-24 10:45:0.0', 'UHULLL VOU NO TUSCA'); -- COMENTARIO DA GERHARDT ALEKSANDRIKIN SOBRE O POST DO EVENTO TUSCA
INSERT INTO COMENTARIO VALUES (COMENTARIO_SEQ.NEXTVAL, '56153503650', 1, TIMESTAMP'2022-11-24 09:45:41.434175', 'EU QUE FUI ASSALTADA, CONFIRMO O ANUNCIO'); -- COMENTARIO DA BERNADETTE SONGUST SOBRE O POST DO ROUBO NO TUSCA
-- DELEGACIA 

INSERT INTO DELEGACIA VALUES ('11111111000111', '2730401', 'DELEGACIA SAO TESTE');
INSERT INTO DELEGACIA VALUES ('22222222000222', '2722222', 'DELEGACIA SAO TESTE 2');

-- ORGANIZACOES_DE_SERVICOS

INSERT INTO ORGANIZACOES_DE_SERVICOS VALUES ('33333333000333', 'PREFEITURA DE SAO TESTE');
INSERT INTO ORGANIZACOES_DE_SERVICOS VALUES ('44444444000444', 'CPFL DE SAO TESTE');

-- ESTRUTURAL

INSERT INTO ESTRUTURAL VALUES (1, '44444444000444');
INSERT INTO ESTRUTURAL VALUES (3, '44444444000444');

-- CRIMINAL

INSERT INTO CRIMINAL VALUES (2, '11111111000111', 1);
INSERT INTO CRIMINAL(ID, IDEVENTO) VALUES (4, 2);
INSERT INTO CRIMINAL(ID, IDEVENTO) VALUES (7, 1);

-- CIDADE DE OPERACAO

INSERT INTO CIDADE_DE_OPERACAO VALUES('33333333000333', 'SAO TESTE');
INSERT INTO CIDADE_DE_OPERACAO VALUES('44444444000444', 'SAO TESTE');