-- A BASE DE DADOS FOI GERADA PELO SITE https://www.mockaroo.com/ COM DADOS FICTÍCIOS

-- INSERIR PESSOAS
VALUES (<CPF>, <EMAIL>, <NOME>, <TELEFONE>, <SENHA>, <NUMERO>, <RUA>, <BAIRRO>, <CIDADE>, <CEP>)
--INSERT INTO PESSOA VALUES ('50229670814', 'DANIELA_RODRIGUES@GMAIL.COM', 'DANIELA RODRIGUES', '31986680343', 'N5UeKQJ6X9', '2792', 'AVENIDA CRIS', 'JD. CRIS', 'PALONE', '14982002');
--INSERT INTO PESSOA VALUES ('82911262166', 'HEITOR_RODRIGO@GMAIL.COM', 'HEITOR RODRIGO DE PAULA', '95985037098', 'iyBg8JylX5', '259', 'CASEMIRO DE ABREU', 'CANARINHO', 'BOA VISTA', '69306505');
--INSERT INTO PESSOA VALUES ('24759409211', 'ELIAS_MELO@GMAIL.COM', 'ELIAS BRENO GAEL MELO', '71982540454', 'Qz5CZ1gb1x', '924', 'NADIR DE JESUS', 'CURUZU', 'SALVADOR', '40365380');
--INSERT INTO PESSOA VALUES ('87682186801', 'BARBARA_CALDEIRA@HOTMAIL.COM', 'BARBARA LUNA CALDEIRA', '69995410810', 'W4x8xCFms9', '1741', 'AVENIDA MARECHAL RONDON', 'DOIS DE ABRIL', NULL, NULL);
--INSERT INTO PESSOA VALUES ('35067522780', 'CRISTIANE_LIZ@HOTMAIL.COM', 'CRISTIANE LIZ NUNES', '96987227298', 'ESZI8HoOYX', '229', 'AVENIDA DOS TUPIS', NULL, NULL, NULL);
--INSERT INTO PESSOA VALUES ('25364415392', 'CAROLINE_MAYA@HOTMAIL.COM', 'CAROLINE MAYA ROCHA', '61987584100', 'gsc73CWeCi', '346', 'JORGE DE MACENA', NULL, 'ARAPIRACA', NULL);

INSERT INTO PESSOA VALUES ('56153503650', 'BSONGUST0@DRUPAL.ORG', 'BERNADETTE SONGUST', '78204591464', 'kUN8p0Co', '5205', 'NORTH', 'MANDRAKE', 'SMIMOU', '77691087');
INSERT INTO PESSOA VALUES ('84530292258', 'JSCHRINEL1@NYTIMES.COM', 'JUSTINA SCHRINEL', '69654588190', 'tAFSONI', '502', 'LOTHEVILLE', 'MCBRIDE', NULL, NULL);
INSERT INTO PESSOA VALUES ('47259687882', 'AOVER2@FC2.COM', 'ALFONSE OVER', '47082469610', 'unYZPJc', '1315', 'EAST', 'MOOSE', 'WUBAO', '55278426');
INSERT INTO PESSOA VALUES ('49089853619', 'PHORNUNG3@IMDB.COM', 'PORTY HORNUNG', '33735772273', 'QyYwhD6G83Bi', '6400', 'LILLIAN', 'MORNINGSTAR', 'IDRINSKOYE', '94540811');
INSERT INTO PESSOA VALUES ('62174394125', 'GALEKSANDRIKIN4@SPHINN.COM', 'GERHARDT ALEKSANDRIKIN', '78584014127', 'B6kZTi', '8740', 'REDWING', NULL, 'PADOVA', '84074323');
INSERT INTO PESSOA VALUES ('60932730348', 'ZKNOK5@EXAMPLE.COM', 'ZEDEKIAH KNOK', '61751844558', 'saZhwzWtn', '4168', 'MOCKINGBIRD', 'MELVIN', 'KøBENHAVN', '89598523');
INSERT INTO PESSOA VALUES ('41333451704', 'OAUGUSTE6@GOOGLE.CN', 'OLLIE AUGUSTE', '46003243914', 'DtlcQ97l6jVc', '2208', NULL, '8TH', 'FENGQIAO', '20665911');
INSERT INTO PESSOA VALUES ('99037659015', 'FFARRENT7@DE.VU', 'FREDERIC FARRENT', '15104090441', 'doNvILDfac', '7598', 'MEADOW RIDGE', 'HUDSON', 'FULU', '57024542');
INSERT INTO PESSOA VALUES ('46519315729', 'CLEGAT8@HOWSTUFFWORKS.COM', 'CORBY LEGAT', '93578416963', 'A8cW06Gb', '4625', 'MCGUIRE', 'HALLOWS', 'SAL’SK', '47214363');
INSERT INTO PESSOA VALUES ('39711350861', 'NJINDRA9@DOMAINMARKET.COM', 'NICO JINDRA', '39345322017', 'ZnEnNdfrS', NULL, '1ST', 'STEPHEN', 'SUNDSVALL', '51625188');
INSERT INTO PESSOA VALUES ('42927390332', 'SCREENANA@BLOGS.COM', 'SYMON CREENAN', '34536882072', 'LDN85JdGnPd', '8354', 'BUTTERFIELD', 'BECKER', 'LAGASIT', '57536270');
INSERT INTO PESSOA VALUES ('72132753351', 'SFENNERB@TWITPIC.COM', 'SILVAN FENNER', '78207598381', 'XJ8mcZ', '1142', 'FOREST RUN', 'RIDGEWAY', 'BAGA BORIHE', '30638911');
INSERT INTO PESSOA VALUES ('13841208576', 'TDIGHTONC@MARRIOTT.COM', 'TOBIAS DIGHTON', '35327063592', 'UH1IP8H', '2606', 'MAGDELINE', 'MAYWOOD', 'CINCINNATI', '47022102');
INSERT INTO PESSOA VALUES ('28467150843', 'RFEARNYOUGHD@AMAZONAWS.COM', 'RALINA FEARNYOUGH', '42772646420', 'a2t4OKS4Js', '2420', 'CORRY', 'SCHLIMGEN', 'KRAJAN BARU', '24774769');
INSERT INTO PESSOA VALUES ('84025928943', 'ASHAWE@SCIENCEDAILY.COM', 'ALLYS SHAW', '52674661149', 's9uLj8', NULL, 'BOYD', 'WARBLER', 'OETUKE', '67023075');
INSERT INTO PESSOA VALUES ('55903266959', 'LVAULSF@VISTAPRINT.COM', 'LORENS VAULS', '41059199068', 'g1sMJLJ7eGi', '9188', 'SOMMERS', 'DOE CROSSING', 'VYSOKOGORNYY', '14931310');
INSERT INTO PESSOA VALUES ('88102723978', 'SBELLISG@ELEGANTTHEMES.COM', 'STEARN BELLIS', '91969038024', 'pWqwxcaI', '375', 'MONTEREY', 'HARBORT', 'YUTA', '41011027');
INSERT INTO PESSOA VALUES ('33236442246', 'NCOLVILLH@PRNEWSWIRE.COM', 'NERITA COLVILL', '21617747896', '9JN16ie', '6288', 'GALE', 'VEITH', 'COLOMBES', '26364012');
INSERT INTO PESSOA VALUES ('68809833371', 'MNEWSHAMI@FC2.COM', 'MARI NEWSHAM', '21886932794', 'LtxGOsWdDq', '7137', 'CASCADE', NULL, 'BOFUER', '39367459');
INSERT INTO PESSOA VALUES ('55151900377', 'FMORGONJ@MTV.COM', 'FRED MORGON', '46550256315', 'pbhjpgQZ', '5148', 'HUXLEY', 'MORROW', 'ZHOUTIE', '18744347');
INSERT INTO PESSOA VALUES ('44079669494', 'CDELLK@DIIGO.COM', 'CHRISTIANO DELL ''ORTO', '80131458960', 'WIJvIKektg', '8440', NULL, 'ABERG', 'IMATRA', '12759743');
INSERT INTO PESSOA VALUES ('20892074715', 'MTROWLL@ELPAIS.COM', 'MARTHE TROWL', '14969088328', '3KaPSnddJD', '4805', 'CREST LINE', 'LOTHEVILLE', 'DSCHANG', '67498542');
INSERT INTO PESSOA VALUES ('52104098872', 'AMAXTEDM@TUTTOCITTA.IT', 'ALPHARD MAXTED', '54502978209', 'uGAXBcg', '2876', 'WAYWOOD', 'TOWNE', 'NIGEL', '36329616');
INSERT INTO PESSOA VALUES ('48654048623', 'EDADGEN@UCLA.EDU', 'ELLWOOD DADGE', '46103913979', 'Gd0OELV4iE', '7448', 'BAYSIDE', 'DAYTON', 'QESARYA', '51682537');
INSERT INTO PESSOA VALUES ('92118420367', 'SCLASHEO@UIUC.EDU', 'SUZANNA CLASHE', '30063562137', 'zNiNi5YU2343', '3408', 'BROWN', 'FREMONT', 'VOSTOCHNYY', '92352963');
INSERT INTO PESSOA VALUES ('92642302838', 'MSTREATFEILDP@ETSY.COM', 'MINDA STREATFEILD', '92415893648', 'utFofqSlAhPW', '2611', 'OAK', 'SUMMIT', 'VIKING', '67778200');
INSERT INTO PESSOA VALUES ('36293479936', 'AMEEKINQ@WISC.EDU', 'ALIA MEEKIN', '38905913647', 'YL9K6OIxE', NULL, 'MONTEREY', 'BASIL', 'MIXCO', '18000937');
INSERT INTO PESSOA VALUES ('25790868927', 'PWORNHAMR@ADOBE.COM', 'PADRAIC WORNHAM', '93738028037', 'XH8bIXaCtY2O', NULL, NULL, 'NORTHLAND', 'HöDRöGö', '36084839');
INSERT INTO PESSOA VALUES ('95990543021', 'EBERTOULOUMES@SLATE.COM', 'ERNESTA BERTOULOUME', '84680491377', '07LhBOShXBy', '6354', 'PACKERS', NULL, 'LUBOCHNIA', '49474362');
INSERT INTO PESSOA VALUES ('89200907806', 'DLONGSTREETT@MOZILLA.COM', 'DANA LONGSTREET', '94085315596', '1JKWeLmj', '7272', 'BUENA VISTA', 'FALLVIEW', 'ZHONGXIANG', '84410207');
INSERT INTO PESSOA VALUES ('1111', '1', '1', '1', '1', '1', '1', '1', '1', '1'); --USUARIO TESTE

-- INSERIR ORGANIZADOR

INSERT INTO ORGANIZADOR         VALUES ('56153503650',8); -- BERNADETTE SONGUST
INSERT INTO ORGANIZADOR         VALUES ('84530292258',6); -- JUSTINA SCHRINEL
INSERT INTO ORGANIZADOR(CPF)    VALUES ('47259687882'); -- ALFONSE OVER
INSERT INTO ORGANIZADOR(CPF)    VALUES ('49089853619'); -- PORTY HORNUNG
INSERT INTO ORGANIZADOR         VALUES ('41333451704',4); -- OLLIE AUGUSTE
INSERT INTO ORGANIZADOR         VALUES ('99037659015',7.2); -- FREDERIC FARRENT


-- INSERIR GUARDA
INSERT INTO GUARDA VALUES('62174394125', '1571'); -- GERHARDT ALEKSANDRIKIN
INSERT INTO GUARDA VALUES('60932730348', '1759'); -- ZEDEKIAH KNOK
INSERT INTO GUARDA VALUES('46519315729', '1759'); -- CORBY LEGAT

-- INSERIR SEGUIDORES

INSERT INTO SEGUIDOR VALUES('56153503650', '84530292258'); --BERNADETTE SONGUST É SEGUIDO(A) POR JUSTINA SCHRINEL
INSERT INTO SEGUIDOR VALUES('56153503650', '62174394125'); --BERNADETTE SONGUST É SEGUIDO(A) POR GERHARDT ALEKSANDRIKIN
INSERT INTO SEGUIDOR VALUES('56153503650', '47259687882'); --BERNADETTE SONGUST É SEGUIDO(A) POR ALFONSE OVER
INSERT INTO SEGUIDOR VALUES('89200907806', '84530292258'); --DANA LONGSTREET É SEGUIDO(A) POR JUSTINA SCHRINEL
INSERT INTO SEGUIDOR VALUES('89200907806', '62174394125'); --DANA LONGSTREET É SEGUIDO(A) POR GERHARDT ALEKSANDRIKIN
INSERT INTO SEGUIDOR VALUES('89200907806', '95990543021'); --DANA LONGSTREET É SEGUIDO(A) POR ERNESTA BERTOULOUME
INSERT INTO SEGUIDOR VALUES('49089853619', '28467150843'); --PORTY HORNUNG É SEGUIDO(A) POR RALINA FEARNYOUGH
INSERT INTO SEGUIDOR VALUES('42927390332', '28467150843'); --SYMON CREENAN É SEGUIDO(A) POR RALINA FEARNYOUGH
INSERT INTO SEGUIDOR VALUES('92118420367', '28467150843'); --SUZANNA CLASHE É SEGUIDO(A) POR RALINA FEARNYOUGH

-- INSERIR OCORRÊNCIAS

INSERT INTO OCORRENCIA VALUES(OCORRENCIA_SEQ.NEXTVAL, TIMESTAMP '2017-11-24 08:45:41.434175', -21.2528979, -50.6468335,1,0, 0,'POSTE DE LUZ TOMBADO','62174394125'); -- GERHARDT ALEKSANDRIKIN
INSERT INTO OCORRENCIA VALUES(OCORRENCIA_SEQ.NEXTVAL, TIMESTAMP'2022-11-24 08:45:41.434175', -22.032985933096224, -47.86753670639218,0,2, 1,'ROUBO DE CELULAR NO TUSCA','89200907806'); -- DANA LONGSTREET
INSERT INTO OCORRENCIA VALUES(OCORRENCIA_SEQ.NEXTVAL, TIMESTAMP'2019-11-24 08:45:41.434175', -22.00354040240801, -47.898874610042895,1,0, 2,'POSTE DE LUZ TOMBADO NA USP','56153503650'); -- BERNADETTE SONGUST
INSERT INTO OCORRENCIA VALUES(OCORRENCIA_SEQ.NEXTVAL, TIMESTAMP'2022-11-24 08:45:41.434175', -22.002685511366323, -47.912643950620875,0,2, 0,'ROUBO DE COXINHA','84530292258'); -- JUSTINA SCHRINEL

-- INSERIR EVENTOS

INSERT INTO EVENTO VALUES(EVENTO_SEQ.NEXTVAL, 'TUSCA',TIMESTAMP'2022-11-24 08:45:41.434175',-22.032985933096224, -47.86753670639218, 0, 10, '56153503650'); --BERNADETTE SONGUST
INSERT INTO EVENTO VALUES(EVENTO_SEQ.NEXTVAL, 'PADARIA',TIMESTAMP'2022-01-30 08:45:41.434175',-22.002685511366323, -47.912643950620875, 0, 4, '56153503650'); --BERNADETTE SONGUST

-- INSERIR PARTICIPANTE

INSERT INTO PARTICIPANTE VALUES(0, '84530292258'); -- JUSTINA SCHRINEL PARTICIPA DO TUSCA
INSERT INTO PARTICIPANTE VALUES(0, '89200907806'); -- DANA LONGSTREET PARTICIPA DO TUSCA
INSERT INTO PARTICIPANTE VALUES(1, '84530292258'); -- JUSTINA SCHRINEL PARTICIPA DO PADARIA
INSERT INTO PARTICIPANTE VALUES(1, '56153503650'); -- BERNADETTE SONGUST PARTICIPA DO PADARIA

-- INSERIR CONTRATADO

INSERT INTO CONTRATADO(GUARDA, EVENTO) VALUES ('46519315729', 0); -- CORBY LEGAT ESTA PENDENTE COMO GUARDA DO TUSCA
INSERT INTO CONTRATADO VALUES ('62174394125', 1, 1); -- GERHARDT ALEKSANDRIKIN É GUARDA DO PADARIA

-- PONTO ESTRATEGICO

INSERT INTO PONTO_ESTRATEGICO(PONTO_EST_SEQ.NEXTVAL, 'UNIVERSIDADE SAO PAULO', TIMESTAMP'2020-11-24 08:45:41.434175', -22.00354040240801, -47.898874610042895, 5, 'PORTARIA DA FACULDADE', '56153503650'); -- BERNADETTE SONGUST
INSERT INTO PONTO_ESTRATEGICO(PONTO_EST_SEQ.NEXTVAL, 'HABIB`S SAO CARLOS', TIMESTAMP '2020-11-23 08:45:41.434175', -22.00376919138873, -47.895484298097536, 1, 'RESTAURANTE BARATO', '89200907806'); -- DANA LONGSTREET

-- POST

INSERT INTO POST(POST_SEQ.NEXTVAL, TIMESTAMP('2022-11-24 08:45:41.434175'), '89200907806', 'FIQUEI SABENDO QUE OCORREU UM ROUBO LA NO TUSCA, COMEMTEM EM BAIXO'); --POST FEITO PELA DANA LONGSTREET SOBRE ROUBO NO TUSCA
INSERT INTO POST(POST_SEQ.NEXTVAL, TIMESTAMP('2019-11-24 08:45:41.434175'), '56153503650', 'FUI ANDAR PELA USP E TEM UM POST QUEBRADO'); --POST FEITO PELA BERNADETTE SONGUST SOBRE POSTE QUEBRADO DA USP
INSERT INTO POST(POST_SEQ.NEXTVAL, TIMESTAMP('2022-11-24 09:45:0.0'), '56153503650', 'VENHAM PRO MEU EVENTO TUSCAAA!!!'); --POST FEITO PELA BERNADETTE SONGUST SOBRE EVENTO TUSCA
INSERT INTO POST(POST_SEQ.NEXTVAL, TIMESTAMP('2022-01-30 08:45:41.434175'), '56153503650', 'VENHAM PRO MEU EVENTO PADARIAAA!!!'); --POST FEITO PELA BERNADETTE SONGUST SOBRE EVENTO PADARIA
INSERT INTO POST(POST_SEQ.NEXTVAL, TIMESTAMP('2020-11-24 08:45:41.434175'), '56153503650', 'ESTOU DO LADO DO PONTO ESTRATEGICO USP'); --POST FEITO PELA BERNADETTE SONGUST SOBRE PONTO ESTRATEGICO USP
INSERT INTO POST(POST_SEQ.NEXTVAL, TIMESTAMP('2020-11-23 08:45:41.434175'), '56153503650', 'ESTOU COMENDO NO RESTAURANTE HABIB`S'); --POST FEITO PELA BERNADETTE SONGUST SOBRE PONTO ESTRATEGICO HABIB`S
INSERT INTO POST(POST_SEQ.NEXTVAL, TIMESTAMP('2022-11-25 08:45:41.434175'), '89200907806', 'OIIII PESSOAL!!!'); --POST FEITO PELA DANA LONGSTREET

-- POST OCORRENCIA

INSERT INTO POST_OCORRENCIA(0, 1); --POST ID 0 FOI SOBRE A OCORRENCIA ID 1 (ROUBO NO TUSCA)
INSERT INTO POST_OCORRENCIA(1, 2); --POST ID 1 FOI SOBRE A OCORRENCIA ID 2 (POSTE QUEBRADO NA USP)

-- POST EVENTO 

INSERT INTO POST_EVENTO(2, 0); --POST SOBRE EVENTO TUSCA
INSERT INTO POST_EVENTO(3, 1); --POST SOBRE EVENTO PADARIA

-- POST PONTO ESTRATEGICO

INSERT INTO POST_PONTO_ESTRATEGICO(4, 0); --POST SOBRE A USP
INSERT INTO POST_PONTO_ESTRATEGICO(5,1); --POST SOBRE O RESTAURANTE

--

-- DROP ALL TABLES

drop table POST_PONTO_ESTRATEGICO cascade constraints;
drop table COMENTARIO cascade constraints;
drop table DELEGACIA cascade constraints;
drop table ORGANIZACOES_DE_SERVICOS cascade constraints;
drop table ESTRUTURAL cascade constraints;
drop table CRIMINAL cascade constraints;
drop table CIDADE_DE_OPERACAO cascade constraints;