-- INSERIR PESSOAS
INSERT INTO PESSOA VALUES ('96882140006', 'MATHEUS_UTINO@GMAIL.COM', 'MATHEUS PUPILO', '16981878452', '12345', '´2792', 'AVENIDA CRIS', '´JD. CRIS', 'PALONE', '14982002');
INSERT INTO PESSOA VALUES ('71642774430', 'CELIVO1104@SERVEGEM.COM', 'CELIVO', '16990154845', '12345', NULL, NULL, NULL, NULL, NULL);
INSERT INTO PESSOA VALUES ('42935394410', 'BLABLABLA', 'BLA', '16990909090', '12345', NULL, NULL, NULL, NULL, NULL);
INSERT INTO PESSOA VALUES ('16367743855', 'TESTE', 'TESTE', '1690154845', 'TESTE', '´TESTE', 'TESTE', 'TESTE', 'TESTE', '´TESTE');
INSERT INTO PESSOA VALUES ('94496744856', 'TESTEORG1', 'TESTEORG1', '16911111111', 'TESTEORG', 'TESTEORG', NULL, NULL, 'TESTEORG', NULL);
INSERT INTO PESSOA VALUES ('47080172861', 'TESTEGUA1', 'TESTEGUA1', '16922222222', 'TESTEGUA', '´TESTE', 'TESTE', 'TESTE', 'TESTE', '´TESTE');
INSERT INTO PESSOA VALUES ('71387972812', 'TESTEORG2', 'TESTEORG2', '16933333333', 'TESTEORG', NULL, NULL, NULL, NULL, NULL);
INSERT INTO PESSOA VALUES ('63702976825', 'TESTEGUA2', 'TESTEGUA2', '16944444444', 'TESTEGUA', '´TESTE', 'TESTE', 'TESTE', 'TESTE', '´TESTE');

-- INSERIR ORGANIZADOR
INSERT INTO ORGANIZADOR(CPF) VALUES('94496744856') -- CPF ORGANIZADOR 1
INSERT INTO ORGANIZADOR VALUES('71387972812', 8.5) -- ORGANIZADOR 2

-- INSERIR GUARDA
INSERT INTO GUARDA VALUES('47080172861', 'CODIGO DE VALIDACAO GUARDA1') -- GUARDA 1
INSERT INTO GUARDA VALUES('63702976825', 'CODIGO DE VALIDACAO GUARDA2') -- GUARDA 2

-- INSERIR SEGUIDORES
INSERT INTO SEGUIDOR VALUES ('96882140006', '71642774430') --MATHEUS PUPILO SEGUE CELIVO
INSERT INTO SEGUIDOR VALUES ('96882140006', '42935394410') --MATHEUS PUPILO SEGUE BLA
INSERT INTO SEGUIDOR VALUES ('96882140006', '16367743855') --MATHEUS PUPILO SEGUE TESTE
INSERT INTO SEGUIDOR VALUES ('16367743855', '96882140006') --TESTE SEGUE MATHEUS PUPILO 
INSERT INTO SEGUIDOR VALUES ('16367743855', '42935394410') --TESTE SEGUE BLA
INSERT INTO SEGUIDOR VALUES ('16367743855', '71642774430') --TESTE SEGUE CELIVO

